"","business_name","impressions","ad_clicks","cpc","ctr","est_earn","ad_rpm","cpc_class","ctr_class"
"1","business_1",3125,23,2,0.0074,46,14.72,"2 dollars","good"
"2","business_2",4134,30,2,0.0073,60,14.5137880986938,"2 dollars","good"
"3","business_3",18572,181,2,0.0097,362,19.4917079474478,"2 dollars","good"
"4","business_4",23142,317,2,0.0137,634,27.3960763978913,"2 dollars","great"
"5","business_5",22438,55,1,0.0025,55,2.45119885907835,"1 dollar","neutral"
"6","business_6",110010,660,2,0.006,1320,11.9989091900736,"2 dollars","good"
"7","business_7",21452,57,2,0.0027,114,5.31418981913108,"2 dollars","neutral"
"8","business_8",5280,44,2,0.0083,88,16.6666666666667,"2 dollars","good"
"9","business_9",76511,299,1,0.0039,299,3.90793480675981,"1 dollar","neutral"
"10","business_10",28023,192,1,0.0069,192,6.85151482710631,"1 dollar","good"
"11","business_11",3571,35,2,0.0098,70,19.6023522822739,"2 dollars","good"
"12","business_12",35278,79,1,0.0022,79,2.2393559725608,"1 dollar","neutral"
"13","business_13",8339,92,2,0.011,184,22.0649958028541,"2 dollars","great"
"14","business_14",3555,19,2,0.0053,38,10.6891701828411,"2 dollars","good"
"15","business_15",3137,22,2,0.007,44,14.0261396238444,"2 dollars","good"
"16","business_16",18086,287,2,0.0159,574,31.7372553356187,"2 dollars","great"
"17","business_17",898,15,2,0.0167,30,33.4075723830735,"2 dollars","great"
"18","business_18",44015,67,1,0.0015,67,1.52220833806657,"1 dollar","bad"
"19","business_19",10571,148,2,0.014,296,28.001135181156,"2 dollars","great"
"20","business_20",2894,36,2,0.0124,72,24.8790601243953,"2 dollars","great"
"21","business_21",84311,219,2,0.0026,438,5.19505165399533,"2 dollars","neutral"
"22","business_22",486,0,2,0,0,0,"2 dollars","bad"
"23","business_23",6275,10,2,0.0016,20,3.18725099601594,"2 dollars","bad"
"24","business_24",2569,21,2,0.0082,42,16.3487738419619,"2 dollars","good"
"25","business_25",10121,57,2,0.0056,114,11.2637091196522,"2 dollars","good"
"26","business_26",6534,75,2,0.0115,150,22.9568411386593,"2 dollars","great"
"27","business_27",6857,39,2,0.0057,78,11.3752369841038,"2 dollars","good"
"28","business_28",9998,68,5,0.0068,340,34.006801360272,"more than 2 dollars","good"
"29","business_29",1205,2,2,0.0017,4,3.3195020746888,"2 dollars","bad"
"30","business_30",12300,68,2,0.0055,136,11.0569105691057,"2 dollars","good"
"31","business_31",156509,621,1,0.004,621,3.96782293670013,"1 dollar","neutral"
"32","business_32",12600,188,1,0.0149,188,14.9206349206349,"1 dollar","great"
"33","business_33",13480,117,1,0.0087,117,8.67952522255193,"1 dollar","good"
"34","business_34",12895,95,1,0.0074,95,7.36719658782474,"1 dollar","good"
"35","business_35",18602,95,2,0.0051,190,10.2139554886571,"2 dollars","good"
"36","business_36",25390,212,2,0.0083,424,16.6994879873966,"2 dollars","good"
"37","business_37",74504,369,1,0.005,369,4.95275421453882,"1 dollar","neutral"
"38","business_38",1204,9,2,0.0075,18,14.9501661129568,"2 dollars","good"
"39","business_39",8683,62,2,0.0071,124,14.2807785327652,"2 dollars","good"
"40","business_40",30803,225,2,0.0073,450,14.6089666590916,"2 dollars","good"
"41","business_41",11176,59,2,0.0053,118,10.5583392984968,"2 dollars","good"
"42","business_42",3861,20,2,0.0052,40,10.3600103600104,"2 dollars","good"
"43","business_43",7974,18,2,0.0023,36,4.51467268623025,"2 dollars","neutral"
"44","business_44",6946,75,2,0.0108,150,21.5951626835589,"2 dollars","great"
"45","business_45",981,13,2,0.0133,26,26.5035677879715,"2 dollars","great"
"46","business_46",4034,15,2,0.0037,30,7.43678730788299,"2 dollars","neutral"
"47","business_47",30126,69,1,0.0023,69,2.2903804023103,"1 dollar","neutral"
"48","business_48",23276,107,1,0.0046,107,4.59700979549751,"1 dollar","neutral"
"49","business_49",28615,118,1,0.0041,118,4.12371134020619,"1 dollar","neutral"
"50","business_50",1170,10,2,0.0085,20,17.0940170940171,"2 dollars","good"
"51","business_51",5258,27,1,0.0051,27,5.13503233168505,"1 dollar","good"
"52","business_52",802,0,2,0,0,0,"2 dollars","bad"
"53","business_53",6127,36,2,0.0059,72,11.7512648930961,"2 dollars","good"
"54","business_54",10014,54,2,0.0054,108,10.7849011384062,"2 dollars","good"
"55","business_55",13458,38,5,0.0028,190,14.1179967305692,"more than 2 dollars","neutral"
"56","business_56",67160,151,1,0.0022,151,2.24836212030971,"1 dollar","neutral"
"57","business_57",6668,64,2,0.0096,128,19.1961607678464,"2 dollars","good"
"58","business_58",207,2,2,0.0097,4,19.3236714975845,"2 dollars","good"
"59","business_59",1216,29,2,0.0238,58,47.6973684210526,"2 dollars","great"
"60","business_60",4686,12,2,0.0026,24,5.12163892445583,"2 dollars","neutral"
"61","business_61",2805,36,2,0.0128,72,25.668449197861,"2 dollars","great"
"62","business_62",5691,105,1,0.0185,105,18.450184501845,"1 dollar","great"
"63","business_63",6489,28,2,0.0043,56,8.62998921251348,"2 dollars","neutral"
"64","business_64",2560,19,1,0.0074,19,7.421875,"1 dollar","good"
"65","business_65",20745,160,1,0.0077,160,7.71270185586888,"1 dollar","good"
"66","business_66",30101,134,2,0.0045,268,8.90335869240224,"2 dollars","neutral"
"67","business_67",15599,48,2,0.0031,96,6.15424065645234,"2 dollars","neutral"
"68","business_68",8083,147,2,0.0182,294,36.3726339230484,"2 dollars","great"
"69","business_69",1579,4,1,0.0025,4,2.53324889170361,"1 dollar","neutral"
"70","business_70",55977,107,2,0.0019,214,3.82299873162192,"2 dollars","neutral"
"71","business_71",20769,354,2,0.017,708,34.0892676585295,"2 dollars","great"
"72","business_72",44844,262,2,0.0058,524,11.6849522790117,"2 dollars","good"
"73","business_73",4193,14,2,0.0033,28,6.67779632721202,"2 dollars","neutral"
"74","business_74",29356,359,2,0.0122,718,24.4583730753509,"2 dollars","great"
"75","business_75",2972,17,1,0.0057,17,5.72005383580081,"1 dollar","good"
"76","business_76",87632,74,1,8e-04,74,0.844440387073215,"1 dollar","bad"
"77","business_77",31281,57,1,0.0018,57,1.82219238515393,"1 dollar","neutral"
"78","business_78",4765,30,1,0.0063,30,6.29590766002099,"1 dollar","good"
"79","business_79",15721,132,2,0.0084,264,16.7928248839132,"2 dollars","good"
"80","business_80",474,2,2,0.0042,4,8.43881856540084,"2 dollars","neutral"
"81","business_81",3122,62,2,0.0199,124,39.7181294042281,"2 dollars","great"
"82","business_82",2317,6,2,0.0026,12,5.17911091929219,"2 dollars","neutral"
"83","business_83",8013,70,2,0.0087,140,17.4716086359666,"2 dollars","good"
"84","business_84",1555,17,5,0.0109,85,54.6623794212219,"more than 2 dollars","great"
"85","business_85",1455,13,5,0.0089,65,44.6735395189003,"more than 2 dollars","good"
"86","business_86",1859,13,5,0.007,65,34.965034965035,"more than 2 dollars","good"
"87","business_87",1028,9,5,0.0088,45,43.7743190661479,"more than 2 dollars","good"
"88","business_88",1561,15,5,0.0096,75,48.0461242793081,"more than 2 dollars","good"
"89","business_89",1996,19,2,0.0095,38,19.0380761523046,"2 dollars","good"
"90","business_90",7199,99,2,0.0138,198,27.5038199749965,"2 dollars","great"
"91","business_91",12133,119,2,0.0098,238,19.6159235143823,"2 dollars","good"
"92","business_92",12042,82,2,0.0068,164,13.6190001660854,"2 dollars","good"
"93","business_93",31765,77,2,0.0024,154,4.84810325830316,"2 dollars","neutral"
"94","business_94",19798,108,2,0.0055,216,10.9101929487827,"2 dollars","good"
"95","business_95",12379,58,1,0.0047,58,4.6853542289361,"1 dollar","neutral"
"96","business_96",5278,31,2,0.0059,62,11.7468738158393,"2 dollars","good"
"97","business_97",6572,35,1,0.0053,35,5.32562385879489,"1 dollar","good"
"98","business_98",2960,28,2,0.0095,56,18.9189189189189,"2 dollars","good"
"99","business_99",69142,270,1,0.0039,270,3.90500708686471,"1 dollar","neutral"
"100","business_100",20634,45,2,0.0022,90,4.36173306193661,"2 dollars","neutral"
"101","business_101",29467,127,1,0.0043,127,4.3099059965385,"1 dollar","neutral"
"102","business_102",1914,18,2,0.0094,36,18.8087774294671,"2 dollars","good"
"103","business_103",10655,135,1,0.0127,135,12.670107930549,"1 dollar","great"
"104","business_104",6184,20,2,0.0032,40,6.46830530401035,"2 dollars","neutral"
"105","business_105",6877,30,4,0.0044,120,17.4494692453105,"more than 2 dollars","neutral"
"106","business_106",10602,99,2,0.0093,198,18.6757215619694,"2 dollars","good"
"107","business_107",279480,1063,1,0.0038,1063,3.80349219979963,"1 dollar","neutral"
"108","business_108",27190,50,2,0.0018,100,3.67782272894447,"2 dollars","neutral"
"109","business_109",32795,89,2,0.0027,178,5.42765665497789,"2 dollars","neutral"
"110","business_110",16436,23,2,0.0014,46,2.79873448527622,"2 dollars","bad"
"111","business_111",28232,84,2,0.003,168,5.95069424766223,"2 dollars","neutral"
"112","business_112",31768,81,2,0.0025,162,5.09947116595316,"2 dollars","neutral"
"113","business_113",14294,83,2,0.0058,166,11.6132643067021,"2 dollars","good"
"114","business_114",1684,5,1,0.003,5,2.96912114014252,"1 dollar","neutral"
"115","business_115",13488,75,2,0.0056,150,11.1209964412811,"2 dollars","good"
"116","business_116",1973,14,2,0.0071,28,14.1915864166244,"2 dollars","good"
"117","business_117",25069,58,2,0.0023,116,4.62722884837848,"2 dollars","neutral"
"118","business_118",9131,55,2,0.006,110,12.0468732887964,"2 dollars","good"
"119","business_119",3933,29,2,0.0074,58,14.7470124586829,"2 dollars","good"
"120","business_120",7960,80,2,0.0101,160,20.1005025125628,"2 dollars","great"
"121","business_121",11422,53,1,0.0046,53,4.64016809665558,"1 dollar","neutral"
"122","business_122",766,11,5,0.0144,55,71.8015665796345,"more than 2 dollars","great"
"123","business_123",33564,182,1,0.0054,182,5.42247646287689,"1 dollar","good"
"124","business_124",1818,37,1,0.0204,37,20.3520352035204,"1 dollar","great"
"125","business_125",16585,23,2,0.0014,46,2.77359059391016,"2 dollars","bad"
"126","business_126",695,1,2,0.0014,2,2.87769784172662,"2 dollars","bad"
"127","business_127",6368,27,2,0.0042,54,8.47989949748744,"2 dollars","neutral"
"128","business_128",4336,28,2,0.0065,56,12.9151291512915,"2 dollars","good"
"129","business_129",1645,27,2,0.0164,54,32.8267477203647,"2 dollars","great"
"130","business_130",26267,57,2,0.0022,114,4.34004644611109,"2 dollars","neutral"
"131","business_131",343,2,2,0.0058,4,11.6618075801749,"2 dollars","good"
"132","business_132",49513,203,2,0.0041,406,8.19986670167431,"2 dollars","neutral"
"133","business_133",34618,55,2,0.0016,110,3.17753769715177,"2 dollars","bad"
"134","business_134",12127,58,1,0.0048,58,4.7827162529892,"1 dollar","neutral"
"135","business_135",19690,322,2,0.0164,644,32.7069578466227,"2 dollars","great"
"136","business_136",12015,42,2,0.0035,84,6.99126092384519,"2 dollars","neutral"
"137","business_137",3334,49,1,0.0147,49,14.6970605878824,"1 dollar","great"
"138","business_138",11105,47,2,0.0042,94,8.46465556055831,"2 dollars","neutral"
"139","business_139",4809,35,2,0.0073,70,14.5560407569141,"2 dollars","good"
"140","business_140",1727,27,2,0.0156,54,31.2680949623625,"2 dollars","great"
"141","business_141",2828,16,2,0.0057,32,11.3154172560113,"2 dollars","good"
"142","business_142",1478,15,1,0.0101,15,10.148849797023,"1 dollar","great"
"143","business_143",2204,22,2,0.01,44,19.9637023593466,"2 dollars","good"
"144","business_144",554,11,5,0.0199,55,99.2779783393502,"more than 2 dollars","great"
"145","business_145",10650,35,2,0.0033,70,6.57276995305164,"2 dollars","neutral"
"146","business_146",46793,390,1,0.0083,390,8.33457995854081,"1 dollar","good"
"147","business_147",15218,77,1,0.0051,77,5.05979760809568,"1 dollar","good"
"148","business_148",8626,53,1,0.0061,53,6.14421516345931,"1 dollar","good"
"149","business_149",2162,11,2,0.0051,22,10.1757631822387,"2 dollars","good"
"150","business_150",21057,155,2,0.0074,310,14.7219451963718,"2 dollars","good"
"151","business_151",1090,9,2,0.0083,18,16.5137614678899,"2 dollars","good"
"152","business_152",6420,25,2,0.0039,50,7.78816199376947,"2 dollars","neutral"
"153","business_153",11587,61,1,0.0053,61,5.26452058341244,"1 dollar","good"
"154","business_154",1934,41,2,0.0212,82,42.3991726990693,"2 dollars","great"
"155","business_155",1274,39,2,0.0306,78,61.2244897959184,"2 dollars","great"
"156","business_156",462,12,2,0.026,24,51.948051948052,"2 dollars","great"
"157","business_157",11489,47,2,0.0041,94,8.18173905474802,"2 dollars","neutral"
"158","business_158",5935,50,2,0.0084,100,16.849199663016,"2 dollars","good"
"159","business_159",26368,315,2,0.0119,630,23.8925970873786,"2 dollars","great"
"160","business_160",7221,57,1,0.0079,57,7.89364353967594,"1 dollar","good"
"161","business_161",42710,133,1,0.0031,133,3.11402481854367,"1 dollar","neutral"
"162","business_162",11513,61,2,0.0053,122,10.5967167549726,"2 dollars","good"
"163","business_163",8575,120,2,0.014,240,27.9883381924198,"2 dollars","great"
"164","business_164",16282,68,2,0.0042,136,8.35278221348729,"2 dollars","neutral"
"165","business_165",9573,56,2,0.0058,112,11.699571712107,"2 dollars","good"
"166","business_166",7508,35,2,0.0047,70,9.3233883857219,"2 dollars","neutral"
"167","business_167",10004,84,2,0.0084,168,16.7932826869252,"2 dollars","good"
"168","business_168",12122,114,2,0.0094,228,18.8087774294671,"2 dollars","good"
"169","business_169",2144,21,2,0.0098,42,19.589552238806,"2 dollars","good"
"170","business_170",1149,4,2,0.0035,8,6.96257615317668,"2 dollars","neutral"
"171","business_171",79457,145,1,0.0018,145,1.82488641655235,"1 dollar","neutral"
"172","business_172",1032,2,2,0.0019,4,3.87596899224806,"2 dollars","neutral"
"173","business_173",546,27,2,0.0495,54,98.9010989010989,"2 dollars","great"
"174","business_174",3881,17,1,0.0044,17,4.38031435197114,"1 dollar","neutral"
"175","business_175",2512,15,2,0.006,30,11.9426751592357,"2 dollars","good"
"176","business_176",4331,28,2,0.0065,56,12.9300392519049,"2 dollars","good"
"177","business_177",1692,10,2,0.0059,20,11.8203309692671,"2 dollars","good"
"178","business_178",4345,8,2,0.0018,16,3.68239355581128,"2 dollars","neutral"
"179","business_179",12698,76,2,0.006,152,11.9703890376437,"2 dollars","good"
"180","business_180",9544,150,2,0.0157,300,31.4333612740989,"2 dollars","great"
"181","business_181",6263,41,2,0.0065,82,13.0927670445473,"2 dollars","good"
"182","business_182",5709,21,1,0.0037,21,3.67840252233316,"1 dollar","neutral"
"183","business_183",9155,28,2,0.0031,56,6.11687602403058,"2 dollars","neutral"
"184","business_184",3522,31,1,0.0088,31,8.80181714934696,"1 dollar","good"
"185","business_185",1741,16,2,0.0092,32,18.3802412406663,"2 dollars","good"
"186","business_186",11072,42,2,0.0038,84,7.58670520231214,"2 dollars","neutral"
"187","business_187",3884,35,2,0.009,70,18.0226570545829,"2 dollars","good"
"188","business_188",3235,39,1,0.0121,39,12.0556414219474,"1 dollar","great"
"189","business_189",7852,85,2,0.0108,170,21.650534895568,"2 dollars","great"
"190","business_190",1588,9,2,0.0057,18,11.3350125944584,"2 dollars","good"
"191","business_191",1954,3,2,0.0015,6,3.07062436028659,"2 dollars","bad"
"192","business_192",1144,24,2,0.021,48,41.958041958042,"2 dollars","great"
"193","business_193",880,17,2,0.0193,34,38.6363636363636,"2 dollars","great"
"194","business_194",7758,55,2,0.0071,110,14.178912090745,"2 dollars","good"
"195","business_195",302,1,2,0.0033,2,6.62251655629139,"2 dollars","neutral"
"196","business_196",1842,9,2,0.0049,18,9.77198697068404,"2 dollars","neutral"
"197","business_197",4814,28,2,0.0058,56,11.6327378479435,"2 dollars","good"
"198","business_198",858,1,2,0.0012,2,2.33100233100233,"2 dollars","bad"
"199","business_199",8958,88,2,0.0098,176,19.6472426881,"2 dollars","good"
"200","business_200",3816,33,2,0.0086,66,17.2955974842767,"2 dollars","good"
"201","business_201",8021,48,2,0.006,96,11.9685824710136,"2 dollars","good"
"202","business_202",275,3,2,0.0109,6,21.8181818181818,"2 dollars","great"
"203","business_203",442,1,2,0.0023,2,4.52488687782806,"2 dollars","neutral"
"204","business_204",9284,81,2,0.0087,162,17.4493752692805,"2 dollars","good"
"205","business_205",2344,20,2,0.0085,40,17.0648464163823,"2 dollars","good"
"206","business_206",9078,90,2,0.0099,180,19.8281559814937,"2 dollars","good"
"207","business_207",22092,129,2,0.0058,258,11.6784356328083,"2 dollars","good"
"208","business_208",62761,345,1,0.0055,345,5.49704434282437,"1 dollar","good"
"209","business_209",5388,15,1,0.0028,15,2.78396436525612,"1 dollar","neutral"
"210","business_210",4426,46,2,0.0104,92,20.7862629914144,"2 dollars","great"
"211","business_211",7781,30,2,0.0039,60,7.71109111939339,"2 dollars","neutral"
"212","business_212",4971,19,1,0.0038,19,3.82216857775096,"1 dollar","neutral"
"213","business_213",1026,6,1,0.0058,6,5.84795321637427,"1 dollar","good"
"214","business_214",5142,23,2,0.0045,46,8.94593543368339,"2 dollars","neutral"
"215","business_215",363,4,2,0.011,8,22.038567493113,"2 dollars","great"
"216","business_216",11446,32,5,0.0028,160,13.9786825091735,"more than 2 dollars","neutral"
"217","business_217",633,8,2,0.0126,16,25.2764612954186,"2 dollars","great"
"218","business_218",2081,10,2,0.0048,20,9.61076405574243,"2 dollars","neutral"
"219","business_219",7503,34,2,0.0045,68,9.06304145008663,"2 dollars","neutral"
"220","business_220",1872,22,2,0.0118,44,23.5042735042735,"2 dollars","great"
"221","business_221",41087,176,2,0.0043,352,8.56718670138973,"2 dollars","neutral"
"222","business_222",7241,43,2,0.0059,86,11.8768125949454,"2 dollars","good"
"223","business_223",6922,21,2,0.003,42,6.06761051719156,"2 dollars","neutral"
"224","business_224",3436,19,2,0.0055,38,11.0593713620489,"2 dollars","good"
"225","business_225",4478,21,2,0.0047,42,9.37918713711478,"2 dollars","neutral"
"226","business_226",7685,71,2,0.0092,142,18.4775536759922,"2 dollars","good"
"227","business_227",100384,307,1,0.0031,307,3.05825629582404,"1 dollar","neutral"
"228","business_228",12231,142,2,0.0116,284,23.2196876788488,"2 dollars","great"
"229","business_229",9051,48,2,0.0053,96,10.6065628107391,"2 dollars","good"
"230","business_230",9984,129,2,0.0129,258,25.8413461538462,"2 dollars","great"
"231","business_231",6283,34,1,0.0054,34,5.41142766194493,"1 dollar","good"
"232","business_232",3137,11,2,0.0035,22,7.01306981192222,"2 dollars","neutral"
"233","business_233",2847,25,2,0.0088,50,17.5623463294696,"2 dollars","good"
"234","business_234",1541,15,2,0.0097,30,19.4678780012979,"2 dollars","good"
"235","business_235",2631,23,1,0.0087,23,8.74192322310908,"1 dollar","good"
"236","business_236",579,3,1,0.0052,3,5.18134715025907,"1 dollar","good"
"237","business_237",2833,53,2,0.0187,106,37.4161666078362,"2 dollars","great"
"238","business_238",5096,122,2,0.0239,244,47.8806907378336,"2 dollars","great"
"239","business_239",0,0,2,0,0,NA,"2 dollars","bad"
"240","business_240",2633,38,2,0.0144,76,28.8644132168629,"2 dollars","great"
"241","business_241",3338,22,2,0.0066,44,13.1815458358298,"2 dollars","good"
"242","business_242",1646,16,1,0.0097,16,9.72053462940462,"1 dollar","good"
"243","business_243",2012,15,2,0.0075,30,14.9105367793241,"2 dollars","good"
"244","business_244",5913,36,2,0.0061,72,12.1765601217656,"2 dollars","good"
"245","business_245",3717,55,2,0.0148,110,29.5937584073177,"2 dollars","great"
"246","business_246",38264,63,1,0.0016,63,1.64645619903826,"1 dollar","bad"
"247","business_247",4494,11,2,0.0024,22,4.89541611036938,"2 dollars","neutral"
"248","business_248",376,3,4,0.008,12,31.9148936170213,"more than 2 dollars","good"
"249","business_249",358,3,4,0.0084,12,33.5195530726257,"more than 2 dollars","good"
"250","business_250",456,4,4,0.0088,16,35.0877192982456,"more than 2 dollars","good"
"251","business_251",65330,412,1,0.0063,412,6.30644420633706,"1 dollar","good"
"252","business_252",393,5,4,0.0127,20,50.8905852417303,"more than 2 dollars","great"
"253","business_253",421,2,4,0.0048,8,19.0023752969121,"more than 2 dollars","neutral"
"254","business_254",2872,14,1,0.0049,14,4.87465181058496,"1 dollar","neutral"
"255","business_255",5430,42,2,0.0077,84,15.4696132596685,"2 dollars","good"
"256","business_256",28058,120,1,0.0043,120,4.27685508589351,"1 dollar","neutral"
"257","business_257",7,0,1,0,0,0,"1 dollar","bad"
"258","business_258",5297,36,1,0.0068,36,6.79629979233528,"1 dollar","good"
"259","business_259",1213,6,2,0.0049,12,9.89282769991756,"2 dollars","neutral"
"260","business_260",3658,15,5,0.0041,75,20.5030071077091,"more than 2 dollars","neutral"
"261","business_261",1133,8,2,0.0071,16,14.1218005295675,"2 dollars","good"
"262","business_262",1009,3,2,0.003,6,5.94648166501487,"2 dollars","neutral"
"263","business_263",31414,132,1,0.0042,132,4.2019481759725,"1 dollar","neutral"
"264","business_264",11977,44,1,0.0037,44,3.67370794021875,"1 dollar","neutral"
"265","business_265",11311,54,1,0.0048,54,4.77411369463354,"1 dollar","neutral"
"266","business_266",5376,14,1,0.0026,14,2.60416666666667,"1 dollar","neutral"
"267","business_267",3469,9,1,0.0026,9,2.59440761026232,"1 dollar","neutral"
"268","business_268",2496,15,1,0.006,15,6.00961538461539,"1 dollar","good"
"269","business_269",21078,104,1,0.0049,104,4.93405446437043,"1 dollar","neutral"
"270","business_270",2492,15,1,0.006,15,6.01926163723917,"1 dollar","good"
"271","business_271",3021,6,1,0.002,6,1.98609731876862,"1 dollar","neutral"
"272","business_272",14836,56,1,0.0038,56,3.77460231868428,"1 dollar","neutral"
"273","business_273",3463,9,1,0.0026,9,2.59890268553278,"1 dollar","neutral"
"274","business_274",2776,15,1,0.0054,15,5.40345821325648,"1 dollar","good"
"275","business_275",3732,6,1,0.0016,6,1.60771704180064,"1 dollar","bad"
"276","business_276",4203,10,1,0.0024,10,2.37925291458482,"1 dollar","neutral"
"277","business_277",3574,11,1,0.0031,11,3.07778399552322,"1 dollar","neutral"
"278","business_278",3836,12,1,0.0031,12,3.12825860271116,"1 dollar","neutral"
"279","business_279",4025,16,1,0.004,16,3.97515527950311,"1 dollar","neutral"
"280","business_280",3926,10,1,0.0025,10,2.54712175241977,"1 dollar","neutral"
"281","business_281",3533,10,1,0.0028,10,2.83045570336824,"1 dollar","neutral"
"282","business_282",3998,12,1,0.003,12,3.00150075037519,"1 dollar","neutral"
"283","business_283",4636,25,2,0.0054,50,10.7851596203624,"2 dollars","good"
"284","business_284",2078,14,2,0.0067,28,13.4744947064485,"2 dollars","good"
"285","business_285",2201,4,2,0.0018,8,3.6347114947751,"2 dollars","neutral"
"286","business_286",7683,38,1,0.0049,38,4.94598464141611,"1 dollar","neutral"
"287","business_287",2882,17,2,0.0059,34,11.7973629424011,"2 dollars","good"
"288","business_288",7171,19,1,0.0026,19,2.64956073072096,"1 dollar","neutral"
"289","business_289",110940,484,1,0.0044,484,4.3627185866234,"1 dollar","neutral"
"290","business_290",4777,31,1,0.0065,31,6.48942851161817,"1 dollar","good"
"291","business_291",14119,153,2,0.0108,306,21.6729230115447,"2 dollars","great"
"292","business_292",9692,15,1,0.0015,15,1.54766817994222,"1 dollar","bad"
"293","business_293",1930,11,2,0.0057,22,11.3989637305699,"2 dollars","good"
"294","business_294",5810,31,2,0.0053,62,10.671256454389,"2 dollars","good"
"295","business_295",6465,40,2,0.0062,80,12.3743232791957,"2 dollars","good"
"296","business_296",2340,27,2,0.0115,54,23.0769230769231,"2 dollars","great"
"297","business_297",1686,7,5,0.0042,35,20.7591933570581,"more than 2 dollars","neutral"
"298","business_298",2517,13,1,0.0052,13,5.16487882399682,"1 dollar","good"
"299","business_299",1869,27,1,0.0144,27,14.446227929374,"1 dollar","great"
"300","business_300",1780,15,1,0.0084,15,8.42696629213483,"1 dollar","good"
"301","business_301",4771,4,2,8e-04,8,1.67679731712429,"2 dollars","bad"
"302","business_302",1667,27,2,0.0162,54,32.3935212957408,"2 dollars","great"
"303","business_303",22059,53,2,0.0024,106,4.80529489097421,"2 dollars","neutral"
"304","business_304",30955,57,2,0.0018,114,3.68276530447424,"2 dollars","neutral"
"305","business_305",1491,26,2,0.0174,52,34.8759221998659,"2 dollars","great"
"306","business_306",10523,54,1,0.0051,54,5.13161645918464,"1 dollar","good"
"307","business_307",4817,46,2,0.0095,92,19.0990242889765,"2 dollars","good"
"308","business_308",2960,32,2,0.0108,64,21.6216216216216,"2 dollars","great"
"309","business_309",12285,108,2,0.0088,216,17.5824175824176,"2 dollars","good"
"310","business_310",818,1,2,0.0012,2,2.44498777506112,"2 dollars","bad"
"311","business_311",8934,36,2,0.004,72,8.05910006715917,"2 dollars","neutral"
"312","business_312",9081,40,2,0.0044,80,8.80960246668869,"2 dollars","neutral"
"313","business_313",2050,7,2,0.0034,14,6.82926829268293,"2 dollars","neutral"
"314","business_314",7534,71,2,0.0094,142,18.8478895672949,"2 dollars","good"
"315","business_315",25062,36,2,0.0014,72,2.87287526933206,"2 dollars","bad"
"316","business_316",8192,44,2,0.0054,88,10.7421875,"2 dollars","good"
"317","business_317",3125,15,2,0.0048,30,9.6,"2 dollars","neutral"
"318","business_318",2412,6,9,0.0025,54,22.3880597014925,"more than 2 dollars","neutral"
"319","business_319",4929,36,1,0.0073,36,7.30371272063299,"1 dollar","good"
"320","business_320",1543,25,2,0.0162,50,32.4044069993519,"2 dollars","great"
"321","business_321",20281,215,2,0.0106,430,21.2021103495883,"2 dollars","great"
"322","business_322",883,5,2,0.0057,10,11.3250283125708,"2 dollars","good"
"323","business_323",9072,153,1,0.0169,153,16.8650793650794,"1 dollar","great"
"324","business_324",12572,143,2,0.0114,286,22.7489659560929,"2 dollars","great"
"325","business_325",3926,40,2,0.0102,80,20.3769740193581,"2 dollars","great"
"326","business_326",115,2,2,0.0174,4,34.7826086956522,"2 dollars","great"
"327","business_327",1323,22,2,0.0166,44,33.2577475434618,"2 dollars","great"
"328","business_328",3094,8,2,0.0026,16,5.17129928894635,"2 dollars","neutral"
"329","business_329",9191,33,1,0.0036,33,3.59046893700359,"1 dollar","neutral"
"330","business_330",2463,63,2,0.0256,126,51.15712545676,"2 dollars","great"
"331","business_331",1390,5,2,0.0036,10,7.19424460431655,"2 dollars","neutral"
"332","business_332",402,0,2,0,0,0,"2 dollars","bad"
"333","business_333",40217,216,1,0.0054,216,5.37086306785688,"1 dollar","good"
"334","business_334",544,3,2,0.0055,6,11.0294117647059,"2 dollars","good"
"335","business_335",1282,6,1,0.0047,6,4.6801872074883,"1 dollar","neutral"
"336","business_336",77410,174,1,0.0022,174,2.24777160573569,"1 dollar","neutral"
"337","business_337",4907,27,2,0.0055,54,11.0046871815773,"2 dollars","good"
"338","business_338",48855,130,1,0.0027,130,2.6609354211442,"1 dollar","neutral"
"339","business_339",1766,17,2,0.0096,34,19.2525481313703,"2 dollars","good"
"340","business_340",157274,718,1,0.0046,718,4.56528097460483,"1 dollar","neutral"
"341","business_341",8033,33,1,0.0041,33,4.10805427611104,"1 dollar","neutral"
"342","business_342",12364,97,1,0.0078,97,7.8453574894856,"1 dollar","good"
"343","business_343",4215,28,2,0.0066,56,13.2858837485172,"2 dollars","good"
"344","business_344",38066,38,2,0.001,76,1.99653233856985,"2 dollars","bad"
"345","business_345",1816,8,3,0.0044,24,13.215859030837,"more than 2 dollars","neutral"
"346","business_346",5648,27,3,0.0048,81,14.3413597733711,"more than 2 dollars","neutral"
"347","business_347",778,10,3,0.0129,30,38.560411311054,"more than 2 dollars","great"
"348","business_348",1364,1,3,7e-04,3,2.19941348973607,"more than 2 dollars","bad"
"349","business_349",1330,0,3,0,0,0,"more than 2 dollars","bad"
"350","business_350",4880,27,3,0.0055,81,16.5983606557377,"more than 2 dollars","good"
"351","business_351",1562,2,3,0.0013,6,3.84122919334187,"more than 2 dollars","bad"
"352","business_352",2290,8,3,0.0035,24,10.4803493449782,"more than 2 dollars","neutral"
"353","business_353",931,1,3,0.0011,3,3.22234156820623,"more than 2 dollars","bad"
"354","business_354",2021,5,3,0.0025,15,7.4220682830282,"more than 2 dollars","neutral"
"355","business_355",713,7,3,0.0098,21,29.45301542777,"more than 2 dollars","good"
"356","business_356",621,7,3,0.0113,21,33.8164251207729,"more than 2 dollars","great"
"357","business_357",3029,6,3,0.002,18,5.94255529877847,"more than 2 dollars","neutral"
"358","business_358",2604,4,3,0.0015,12,4.60829493087558,"more than 2 dollars","bad"
"359","business_359",908,2,3,0.0022,6,6.6079295154185,"more than 2 dollars","neutral"
"360","business_360",4618,17,3,0.0037,51,11.0437418796016,"more than 2 dollars","neutral"
"361","business_361",0,0,3,0,0,NA,"more than 2 dollars","bad"
"362","business_362",2836,12,3,0.0042,36,12.6939351198872,"more than 2 dollars","neutral"
"363","business_363",1914,3,3,0.0016,9,4.70219435736677,"more than 2 dollars","bad"
"364","business_364",3323,10,3,0.003,30,9.02798675895275,"more than 2 dollars","neutral"
"365","business_365",7604,27,3,0.0036,81,10.6522882693319,"more than 2 dollars","neutral"
"366","business_366",1306,3,3,0.0023,9,6.89127105666156,"more than 2 dollars","neutral"
"367","business_367",1869,6,3,0.0032,18,9.63081861958266,"more than 2 dollars","neutral"
"368","business_368",495,4,3,0.0081,12,24.2424242424242,"more than 2 dollars","good"
"369","business_369",678,4,3,0.0059,12,17.6991150442478,"more than 2 dollars","good"
"370","business_370",260,2,3,0.0077,6,23.0769230769231,"more than 2 dollars","good"
"371","business_371",681,5,3,0.0073,15,22.0264317180617,"more than 2 dollars","good"
"372","business_372",1063,3,3,0.0028,9,8.46660395108184,"more than 2 dollars","neutral"
"373","business_373",156,1,3,0.0064,3,19.2307692307692,"more than 2 dollars","good"
"374","business_374",2645,11,3,0.0042,33,12.476370510397,"more than 2 dollars","neutral"
"375","business_375",621,4,3,0.0064,12,19.3236714975845,"more than 2 dollars","good"
"376","business_376",959,2,3,0.0021,6,6.25651720542232,"more than 2 dollars","neutral"
"377","business_377",112,0,3,0,0,0,"more than 2 dollars","bad"
"378","business_378",371,1,3,0.0027,3,8.08625336927224,"more than 2 dollars","neutral"
"379","business_379",682,2,3,0.0029,6,8.79765395894428,"more than 2 dollars","neutral"
"380","business_380",667,2,3,0.003,6,8.99550224887556,"more than 2 dollars","neutral"
"381","business_381",461,1,3,0.0022,3,6.50759219088937,"more than 2 dollars","neutral"
"382","business_382",578,0,3,0,0,0,"more than 2 dollars","bad"
"383","business_383",1557,4,3,0.0026,12,7.70712909441233,"more than 2 dollars","neutral"
"384","business_384",207,2,3,0.0097,6,28.9855072463768,"more than 2 dollars","good"
"385","business_385",855,1,3,0.0012,3,3.50877192982456,"more than 2 dollars","bad"
"386","business_386",9261,21,3,0.0023,63,6.80272108843537,"more than 2 dollars","neutral"
"387","business_387",3269,5,3,0.0015,15,4.58855919241358,"more than 2 dollars","bad"
"388","business_388",452,4,3,0.0088,12,26.5486725663717,"more than 2 dollars","good"
"389","business_389",391,4,3,0.0102,12,30.690537084399,"more than 2 dollars","great"
"390","business_390",709,5,3,0.0071,15,21.1565585331453,"more than 2 dollars","good"
"391","business_391",517,0,3,0,0,0,"more than 2 dollars","bad"
"392","business_392",660,3,3,0.0045,9,13.6363636363636,"more than 2 dollars","neutral"
"393","business_393",228,0,3,0,0,0,"more than 2 dollars","bad"
"394","business_394",256,3,3,0.0117,9,35.15625,"more than 2 dollars","great"
"395","business_395",360,4,3,0.0111,12,33.3333333333333,"more than 2 dollars","great"
"396","business_396",787,0,3,0,0,0,"more than 2 dollars","bad"
"397","business_397",3508,17,3,0.0048,51,14.5381984036488,"more than 2 dollars","neutral"
"398","business_398",2957,6,3,0.002,18,6.08725059181603,"more than 2 dollars","neutral"
"399","business_399",820,8,3,0.0098,24,29.2682926829268,"more than 2 dollars","good"
"400","business_400",310,2,3,0.0065,6,19.3548387096774,"more than 2 dollars","good"
"401","business_401",286,1,3,0.0035,3,10.4895104895105,"more than 2 dollars","neutral"
"402","business_402",216,0,3,0,0,0,"more than 2 dollars","bad"
"403","business_403",83,1,3,0.012,3,36.144578313253,"more than 2 dollars","great"
"404","business_404",584,5,3,0.0086,15,25.6849315068493,"more than 2 dollars","good"
"405","business_405",17841,21,1,0.0012,21,1.17706406591559,"1 dollar","bad"
"406","business_406",3242,20,2,0.0062,40,12.3380629241209,"2 dollars","good"
"407","business_407",119,0,2,0,0,0,"2 dollars","bad"
"408","business_408",9330,87,2,0.0093,174,18.6495176848875,"2 dollars","good"
"409","business_409",177,5,2,0.0282,10,56.4971751412429,"2 dollars","great"
"410","business_410",3149,16,2,0.0051,32,10.161956176564,"2 dollars","good"
"411","business_411",1934,5,2,0.0026,10,5.17063081695967,"2 dollars","neutral"
"412","business_412",7495,65,2,0.0087,130,17.3448965977318,"2 dollars","good"
"413","business_413",50019,470,2,0.0094,940,18.7928587136888,"2 dollars","good"
"414","business_414",4835,40,2,0.0083,80,16.5460186142709,"2 dollars","good"
"415","business_415",3891,16,1,0.0041,16,4.11205345669494,"1 dollar","neutral"
"416","business_416",4849,28,2,0.0058,56,11.5487729428748,"2 dollars","good"
"417","business_417",3349,7,1,0.0021,7,2.09017617199164,"1 dollar","neutral"
"418","business_418",12471,34,2,0.0027,68,5.45265014834416,"2 dollars","neutral"
"419","business_419",5064,7,2,0.0014,14,2.76461295418641,"2 dollars","bad"
"420","business_420",2593,13,2,0.005,26,10.0269957578095,"2 dollars","neutral"
"421","business_421",23766,58,2,0.0024,116,4.88092232601195,"2 dollars","neutral"
"422","business_422",3768,31,2,0.0082,62,16.4543524416136,"2 dollars","good"
"423","business_423",6639,22,2,0.0033,44,6.62750414219009,"2 dollars","neutral"
"424","business_424",10466,140,1,0.0134,140,13.3766481941525,"1 dollar","great"
"425","business_425",7684,25,1,0.0033,25,3.25351379489849,"1 dollar","neutral"
"426","business_426",2788,8,2,0.0029,16,5.73888091822095,"2 dollars","neutral"
"427","business_427",3232,19,2,0.0059,38,11.7574257425743,"2 dollars","good"
"428","business_428",5642,21,1,0.0037,21,3.72208436724566,"1 dollar","neutral"
"429","business_429",1304,3,2,0.0023,6,4.60122699386503,"2 dollars","neutral"
"430","business_430",5004,16,2,0.0032,32,6.39488409272582,"2 dollars","neutral"
"431","business_431",425,4,2,0.0094,8,18.8235294117647,"2 dollars","good"
"432","business_432",455,3,2,0.0066,6,13.1868131868132,"2 dollars","good"
"433","business_433",328,1,2,0.003,2,6.09756097560976,"2 dollars","neutral"
"434","business_434",406,3,2,0.0074,6,14.7783251231527,"2 dollars","good"
"435","business_435",694,3,2,0.0043,6,8.64553314121038,"2 dollars","neutral"
"436","business_436",680,4,2,0.0059,8,11.7647058823529,"2 dollars","good"
"437","business_437",778,8,2,0.0103,16,20.5655526992288,"2 dollars","great"
"438","business_438",543,3,2,0.0055,6,11.0497237569061,"2 dollars","good"
"439","business_439",730,1,2,0.0014,2,2.73972602739726,"2 dollars","bad"
"440","business_440",753,5,2,0.0066,10,13.2802124833997,"2 dollars","good"
"441","business_441",708,9,2,0.0127,18,25.4237288135593,"2 dollars","great"
"442","business_442",1335,6,2,0.0045,12,8.98876404494382,"2 dollars","neutral"
"443","business_443",1300,9,2,0.0069,18,13.8461538461538,"2 dollars","good"
"444","business_444",902,9,2,0.01,18,19.9556541019956,"2 dollars","good"
"445","business_445",245,1,2,0.0041,2,8.16326530612245,"2 dollars","neutral"
"446","business_446",256,1,2,0.0039,2,7.8125,"2 dollars","neutral"
"447","business_447",141,3,2,0.0213,6,42.5531914893617,"2 dollars","great"
"448","business_448",219,2,2,0.0091,4,18.2648401826484,"2 dollars","good"
"449","business_449",391,3,2,0.0077,6,15.3452685421995,"2 dollars","good"
"450","business_450",363,2,2,0.0055,4,11.0192837465565,"2 dollars","good"
"451","business_451",453,1,2,0.0022,2,4.41501103752759,"2 dollars","neutral"
"452","business_452",487,3,2,0.0062,6,12.3203285420945,"2 dollars","good"
"453","business_453",403,2,2,0.005,4,9.92555831265509,"2 dollars","neutral"
"454","business_454",140,2,2,0.0143,4,28.5714285714286,"2 dollars","great"
"455","business_455",232,5,2,0.0216,10,43.1034482758621,"2 dollars","great"
"456","business_456",629,2,2,0.0032,4,6.35930047694754,"2 dollars","neutral"
"457","business_457",276,2,2,0.0072,4,14.4927536231884,"2 dollars","good"
"458","business_458",708,6,2,0.0085,12,16.9491525423729,"2 dollars","good"
"459","business_459",254,4,2,0.0157,8,31.496062992126,"2 dollars","great"
"460","business_460",174,1,2,0.0057,2,11.4942528735632,"2 dollars","good"
"461","business_461",31852,37,1,0.0012,37,1.16162250408138,"1 dollar","bad"
"462","business_462",743,8,2,0.0108,16,21.5343203230148,"2 dollars","great"
"463","business_463",459,8,2,0.0174,16,34.8583877995643,"2 dollars","great"
"464","business_464",376,5,2,0.0133,10,26.5957446808511,"2 dollars","great"
"465","business_465",448,6,2,0.0134,12,26.7857142857143,"2 dollars","great"
"466","business_466",394,6,2,0.0152,12,30.4568527918782,"2 dollars","great"
"467","business_467",132447,89,1,7e-04,89,0.671966899967534,"1 dollar","bad"
"468","business_468",1329,7,2,0.0053,14,10.5342362678706,"2 dollars","good"
"469","business_469",108915,85,1,8e-04,85,0.780425102143874,"1 dollar","bad"
"470","business_470",1316,5,2,0.0038,10,7.59878419452888,"2 dollars","neutral"
"471","business_471",75169,87,1,0.0012,87,1.15739201000412,"1 dollar","bad"
"472","business_472",1404,8,2,0.0057,16,11.3960113960114,"2 dollars","good"
"473","business_473",46251,40,1,9e-04,40,0.864846165488314,"1 dollar","bad"
"474","business_474",42087,26,1,6e-04,26,0.617767956851284,"1 dollar","bad"
"475","business_475",1540,2,2,0.0013,4,2.5974025974026,"2 dollars","bad"
"476","business_476",63660,88,1,0.0014,88,1.38234370091109,"1 dollar","bad"
"477","business_477",58171,53,1,9e-04,53,0.911106908940881,"1 dollar","bad"
"478","business_478",125279,97,1,8e-04,97,0.774271825285962,"1 dollar","bad"
"479","business_479",2915,22,2,0.0075,44,15.0943396226415,"2 dollars","good"
"480","business_480",110019,89,1,8e-04,89,0.808951181159618,"1 dollar","bad"
"481","business_481",2941,19,2,0.0065,38,12.9207752465148,"2 dollars","good"
"482","business_482",1219,9,2,0.0074,18,14.766201804758,"2 dollars","good"
"483","business_483",1471,8,2,0.0054,16,10.8769544527532,"2 dollars","good"
"484","business_484",79328,85,1,0.0011,85,1.07150060508269,"1 dollar","bad"
"485","business_485",854,10,2,0.0117,20,23.4192037470726,"2 dollars","great"
"486","business_486",6944,25,2,0.0036,50,7.20046082949309,"2 dollars","neutral"
"487","business_487",2944,18,2,0.0061,36,12.2282608695652,"2 dollars","good"
"488","business_488",57657,45,1,8e-04,45,0.780477652323222,"1 dollar","bad"
"489","business_489",6615,40,2,0.006,80,12.0937263794407,"2 dollars","good"
"490","business_490",15922,24,1,0.0015,24,1.50734832307499,"1 dollar","bad"
"491","business_491",43896,41,1,9e-04,41,0.934025879351194,"1 dollar","bad"
"492","business_492",97387,85,1,9e-04,85,0.872806432069989,"1 dollar","bad"
"493","business_493",86542,87,1,0.001,87,1.00529222805112,"1 dollar","bad"
"494","business_494",105345,90,1,9e-04,90,0.854335753951303,"1 dollar","bad"
"495","business_495",110766,85,1,8e-04,85,0.767383493129661,"1 dollar","bad"
"496","business_496",58103,53,1,9e-04,53,0.912173209644941,"1 dollar","bad"
"497","business_497",74162,87,1,0.0012,87,1.17310752137213,"1 dollar","bad"
"498","business_498",85854,70,1,8e-04,70,0.815337666270646,"1 dollar","bad"
"499","business_499",495,3,2,0.0061,6,12.1212121212121,"2 dollars","good"
"500","business_500",139451,88,1,6e-04,88,0.631046030505339,"1 dollar","bad"
"501","business_501",50491,36,1,7e-04,36,0.712998356142679,"1 dollar","bad"
"502","business_502",77104,78,1,0.001,78,1.01162066818842,"1 dollar","bad"
"503","business_503",57564,51,1,9e-04,51,0.88597039816552,"1 dollar","bad"
"504","business_504",43876,46,1,0.001,46,1.04840915306774,"1 dollar","bad"
"505","business_505",54419,49,1,9e-04,49,0.900420808908653,"1 dollar","bad"
"506","business_506",60816,64,1,0.0011,64,1.05235464351486,"1 dollar","bad"
"507","business_507",63569,74,1,0.0012,74,1.1640894146518,"1 dollar","bad"
"508","business_508",115899,88,1,8e-04,88,0.75928178845374,"1 dollar","bad"
"509","business_509",82376,86,1,0.001,86,1.0439933961348,"1 dollar","bad"
"510","business_510",61209,56,1,9e-04,56,0.914898135895048,"1 dollar","bad"
"511","business_511",28498,15,1,5e-04,15,0.526352726507123,"1 dollar","bad"
"512","business_512",63704,77,1,0.0012,77,1.20871530830089,"1 dollar","bad"
"513","business_513",13636,18,1,0.0013,18,1.32003520093869,"1 dollar","bad"
"514","business_514",105206,85,1,8e-04,85,0.807938710719921,"1 dollar","bad"
"515","business_515",26950,34,1,0.0013,34,1.26159554730983,"1 dollar","bad"
"516","business_516",59168,73,1,0.0012,73,1.23377501352082,"1 dollar","bad"
"517","business_517",112480,86,1,8e-04,86,0.764580369843528,"1 dollar","bad"
"518","business_518",145826,86,1,6e-04,86,0.589743941409625,"1 dollar","bad"
"519","business_519",19735,23,1,0.0012,23,1.16544210793007,"1 dollar","bad"
"520","business_520",88171,87,1,0.001,87,0.986718989236824,"1 dollar","bad"
"521","business_521",20732,20,1,0.001,20,0.964692263168049,"1 dollar","bad"
"522","business_522",26423,20,1,8e-04,20,0.756916322900503,"1 dollar","bad"
"523","business_523",5150,3,1,6e-04,3,0.58252427184466,"1 dollar","bad"
"524","business_524",3324,17,2,0.0051,34,10.2286401925391,"2 dollars","good"
"525","business_525",641,6,2,0.0094,12,18.7207488299532,"2 dollars","good"
"526","business_526",763,6,2,0.0079,12,15.7273918741809,"2 dollars","good"
"527","business_527",2628,12,2,0.0046,24,9.1324200913242,"2 dollars","neutral"
"528","business_528",5759,29,2,0.005,58,10.0711929154367,"2 dollars","neutral"
"529","business_529",2284,10,2,0.0044,20,8.75656742556918,"2 dollars","neutral"
"530","business_530",1708,5,2,0.0029,10,5.85480093676815,"2 dollars","neutral"
"531","business_531",681,1,2,0.0015,2,2.93685756240822,"2 dollars","bad"
"532","business_532",2074,9,2,0.0043,18,8.67888138862102,"2 dollars","neutral"
"533","business_533",4671,20,2,0.0043,40,8.56347677156926,"2 dollars","neutral"
"534","business_534",4519,15,2,0.0033,30,6.6386368665634,"2 dollars","neutral"
"535","business_535",1174,3,2,0.0026,6,5.11073253833049,"2 dollars","neutral"
"536","business_536",992,2,2,0.002,4,4.03225806451613,"2 dollars","neutral"
"537","business_537",942,18,2,0.0191,36,38.2165605095541,"2 dollars","great"
"538","business_538",1793,4,2,0.0022,8,4.46179587283882,"2 dollars","neutral"
"539","business_539",1623,15,2,0.0092,30,18.4842883548983,"2 dollars","good"
"540","business_540",1746,12,2,0.0069,24,13.745704467354,"2 dollars","good"
"541","business_541",634,6,2,0.0095,12,18.9274447949527,"2 dollars","good"
"542","business_542",1509,10,2,0.0066,20,13.2538104705103,"2 dollars","good"
"543","business_543",1073,7,2,0.0065,14,13.0475302889096,"2 dollars","good"
"544","business_544",1153,7,2,0.0061,14,12.1422376409367,"2 dollars","good"
"545","business_545",702,10,2,0.0142,20,28.4900284900285,"2 dollars","great"
"546","business_546",1605,6,2,0.0037,12,7.47663551401869,"2 dollars","neutral"
"547","business_547",2357,3,2,0.0013,6,2.54560882477726,"2 dollars","bad"
"548","business_548",4644,47,2,0.0101,94,20.2411714039621,"2 dollars","great"
"549","business_549",11328,117,2,0.0103,234,20.6567796610169,"2 dollars","great"
"550","business_550",3755,49,2,0.013,98,26.098535286285,"2 dollars","great"
"551","business_551",18946,28,1,0.0015,28,1.47788451388156,"1 dollar","bad"
"552","business_552",21533,178,2,0.0083,356,16.5327636650722,"2 dollars","good"
"553","business_553",1244,10,2,0.008,20,16.0771704180064,"2 dollars","good"
"554","business_554",3046,5,1,0.0016,5,1.64149704530532,"1 dollar","bad"
"555","business_555",2967,5,1,0.0017,5,1.68520390967307,"1 dollar","bad"
"556","business_556",5839,21,1,0.0036,21,3.59650625107039,"1 dollar","neutral"
"557","business_557",3919,12,1,0.0031,12,3.06200561367696,"1 dollar","neutral"
"558","business_558",5257,6,1,0.0011,6,1.14133536237398,"1 dollar","bad"
"559","business_559",15668,53,1,0.0034,53,3.38269083482257,"1 dollar","neutral"
"560","business_560",3664,10,1,0.0027,10,2.7292576419214,"1 dollar","neutral"
"561","business_561",3736,11,1,0.0029,11,2.94432548179872,"1 dollar","neutral"
"562","business_562",3860,15,1,0.0039,15,3.8860103626943,"1 dollar","neutral"
"563","business_563",12411,78,1,0.0063,78,6.28474740149867,"1 dollar","good"
"564","business_564",4844,26,1,0.0054,26,5.36746490503716,"1 dollar","good"
"565","business_565",192,0,1,0,0,0,"1 dollar","bad"
"566","business_566",17186,84,1,0.0049,84,4.88769929011987,"1 dollar","neutral"
"567","business_567",11486,48,1,0.0042,48,4.17900052237507,"1 dollar","neutral"
"568","business_568",9515,54,1,0.0057,54,5.67524960588544,"1 dollar","good"
"569","business_569",12422,55,1,0.0044,55,4.42762840122364,"1 dollar","neutral"
"570","business_570",15637,52,1,0.0033,52,3.3254460574279,"1 dollar","neutral"
"571","business_571",11110,79,1,0.0071,79,7.11071107110711,"1 dollar","good"
"572","business_572",7554,53,1,0.007,53,7.01615038390257,"1 dollar","good"
"573","business_573",5429,54,1,0.0099,54,9.94658316448701,"1 dollar","good"
"574","business_574",126,0,1,0,0,0,"1 dollar","bad"
"575","business_575",3553,10,1,0.0028,10,2.81452293836195,"1 dollar","neutral"
"576","business_576",11987,37,1,0.0031,37,3.08667723366981,"1 dollar","neutral"
"577","business_577",3864,10,1,0.0026,10,2.5879917184265,"1 dollar","neutral"
"578","business_578",4254,15,1,0.0035,15,3.52609308885755,"1 dollar","neutral"
"579","business_579",3768,15,1,0.004,15,3.98089171974522,"1 dollar","neutral"
"580","business_580",3676,11,1,0.003,11,2.9923830250272,"1 dollar","neutral"
"581","business_581",7522,16,1,0.0021,16,2.12709385801649,"1 dollar","neutral"
"582","business_582",2755,15,1,0.0054,15,5.44464609800363,"1 dollar","good"
"583","business_583",4212,9,1,0.0021,9,2.13675213675214,"1 dollar","neutral"
"584","business_584",4024,9,1,0.0022,9,2.23658051689861,"1 dollar","neutral"
"585","business_585",4108,13,1,0.0032,13,3.16455696202532,"1 dollar","neutral"
"586","business_586",34583,141,1,0.0041,141,4.0771477315444,"1 dollar","neutral"
"587","business_587",4400,15,1,0.0034,15,3.40909090909091,"1 dollar","neutral"
"588","business_588",9755,49,1,0.005,49,5.02306509482317,"1 dollar","neutral"
"589","business_589",2133,10,1,0.0047,10,4.6882325363338,"1 dollar","neutral"
"590","business_590",3688,13,1,0.0035,13,3.52494577006508,"1 dollar","neutral"
"591","business_591",3719,11,1,0.003,11,2.95778435063189,"1 dollar","neutral"
"592","business_592",2200,10,1,0.0045,10,4.54545454545454,"1 dollar","neutral"
"593","business_593",3382,11,1,0.0033,11,3.25251330573625,"1 dollar","neutral"
"594","business_594",119,2,1,0.0168,2,16.8067226890756,"1 dollar","great"
"595","business_595",5566,10,1,0.0018,10,1.79662234998203,"1 dollar","neutral"
"596","business_596",4064,19,1,0.0047,19,4.6751968503937,"1 dollar","neutral"
"597","business_597",5740,22,1,0.0038,22,3.83275261324042,"1 dollar","neutral"
"598","business_598",11152,27,1,0.0024,27,2.42109038737446,"1 dollar","neutral"
"599","business_599",3282,11,1,0.0034,11,3.35161486898233,"1 dollar","neutral"
"600","business_600",3984,9,1,0.0023,9,2.25903614457831,"1 dollar","neutral"
"601","business_601",4005,8,1,0.002,8,1.99750312109863,"1 dollar","neutral"
"602","business_602",18780,54,1,0.0029,54,2.87539936102236,"1 dollar","neutral"
"603","business_603",4646,16,1,0.0034,16,3.44382264313388,"1 dollar","neutral"
"604","business_604",4525,22,1,0.0049,22,4.86187845303867,"1 dollar","neutral"
"605","business_605",8742,27,1,0.0031,27,3.0885380919698,"1 dollar","neutral"
"606","business_606",8103,23,1,0.0028,23,2.83845489324941,"1 dollar","neutral"
"607","business_607",4757,7,1,0.0015,7,1.47151566113096,"1 dollar","bad"
"608","business_608",7405,28,1,0.0038,28,3.7812288993923,"1 dollar","neutral"
"609","business_609",6233,26,1,0.0042,26,4.1713460612867,"1 dollar","neutral"
"610","business_610",4837,15,1,0.0031,15,3.10109572048791,"1 dollar","neutral"
"611","business_611",17203,83,1,0.0048,83,4.82473987095274,"1 dollar","neutral"
"612","business_612",4013,27,2,0.0067,54,13.4562671318216,"2 dollars","good"
"613","business_613",279,2,1,0.0072,2,7.16845878136201,"1 dollar","good"
"614","business_614",11596,81,1,0.007,81,6.98516729906864,"1 dollar","good"
"615","business_615",8158,8,1,0.001,8,0.980632507967639,"1 dollar","bad"
"616","business_616",1385,6,2,0.0043,12,8.66425992779783,"2 dollars","neutral"
"617","business_617",2084,8,2,0.0038,16,7.67754318618042,"2 dollars","neutral"
"618","business_618",6000,52,2,0.0087,104,17.3333333333333,"2 dollars","good"
"619","business_619",2232,7,2,0.0031,14,6.27240143369176,"2 dollars","neutral"
"620","business_620",2752,17,2,0.0062,34,12.3546511627907,"2 dollars","good"
"621","business_621",928,5,1,0.0054,5,5.38793103448276,"1 dollar","good"
"622","business_622",153431,402,1,0.0026,402,2.62007025959552,"1 dollar","neutral"
"623","business_623",403,4,2,0.0099,8,19.8511166253102,"2 dollars","good"
"624","business_624",55086,103,2,0.0019,206,3.7396071597139,"2 dollars","neutral"
"625","business_625",6110,85,2,0.0139,170,27.823240589198,"2 dollars","great"
"626","business_626",2275,34,2,0.0149,68,29.8901098901099,"2 dollars","great"
"627","business_627",3791,28,2,0.0074,56,14.7718280137167,"2 dollars","good"
"628","business_628",4670,38,2,0.0081,76,16.2740899357602,"2 dollars","good"
"629","business_629",3661,24,2,0.0066,48,13.1111718109806,"2 dollars","good"
"630","business_630",6530,79,2,0.0121,158,24.1960183767228,"2 dollars","great"
"631","business_631",3242,39,2,0.012,78,24.0592227020358,"2 dollars","great"
"632","business_632",3787,12,2,0.0032,24,6.337470293108,"2 dollars","neutral"
"633","business_633",244,3,2,0.0123,6,24.5901639344262,"2 dollars","great"
"634","business_634",785,6,2,0.0076,12,15.2866242038217,"2 dollars","good"
"635","business_635",3071,30,2,0.0098,60,19.5376098990557,"2 dollars","good"
"636","business_636",4906,40,2,0.0082,80,16.3065633917652,"2 dollars","good"
"637","business_637",1890,24,2,0.0127,48,25.3968253968254,"2 dollars","great"
"638","business_638",1050,15,2,0.0143,30,28.5714285714286,"2 dollars","great"
"639","business_639",3370,23,2,0.0068,46,13.6498516320475,"2 dollars","good"
"640","business_640",1876,23,2,0.0123,46,24.5202558635394,"2 dollars","great"
"641","business_641",4428,44,2,0.0099,88,19.873532068654,"2 dollars","good"
"642","business_642",102,3,2,0.0294,6,58.8235294117647,"2 dollars","great"
"643","business_643",5014,48,2,0.0096,96,19.1463901076984,"2 dollars","good"
"644","business_644",1967,29,2,0.0147,58,29.4865277071683,"2 dollars","great"
"645","business_645",921,11,2,0.0119,22,23.8870792616721,"2 dollars","great"
"646","business_646",4197,36,2,0.0086,72,17.1551107934239,"2 dollars","good"
"647","business_647",1278,13,2,0.0102,26,20.3442879499217,"2 dollars","great"
"648","business_648",4795,38,2,0.0079,76,15.8498435870699,"2 dollars","good"
"649","business_649",4285,45,2,0.0105,90,21.0035005834306,"2 dollars","great"
"650","business_650",4289,21,2,0.0049,42,9.7924924224761,"2 dollars","neutral"
"651","business_651",4880,32,2,0.0066,64,13.1147540983607,"2 dollars","good"
"652","business_652",1566,13,2,0.0083,26,16.602809706258,"2 dollars","good"
"653","business_653",1857,19,2,0.0102,38,20.463112547119,"2 dollars","great"
"654","business_654",2834,28,2,0.0099,56,19.7600564573042,"2 dollars","good"
"655","business_655",931,11,2,0.0118,22,23.6305048335124,"2 dollars","great"
"656","business_656",4509,40,2,0.0089,80,17.742293191395,"2 dollars","good"
"657","business_657",1204,12,2,0.01,24,19.9335548172757,"2 dollars","good"
"658","business_658",3113,34,2,0.0109,68,21.8438805011243,"2 dollars","great"
"659","business_659",3290,51,2,0.0155,102,31.0030395136778,"2 dollars","great"
"660","business_660",1837,19,2,0.0103,38,20.6859009254219,"2 dollars","great"
"661","business_661",1939,20,2,0.0103,40,20.6291903042806,"2 dollars","great"
"662","business_662",4773,35,2,0.0073,70,14.665828619317,"2 dollars","good"
"663","business_663",1696,6,2,0.0035,12,7.07547169811321,"2 dollars","neutral"
"664","business_664",1201,9,2,0.0075,18,14.9875104079933,"2 dollars","good"
"665","business_665",3104,37,2,0.0119,74,23.840206185567,"2 dollars","great"
"666","business_666",3164,21,2,0.0066,42,13.2743362831858,"2 dollars","good"
"667","business_667",1057,22,2,0.0208,44,41.6272469252602,"2 dollars","great"
"668","business_668",1407,11,2,0.0078,22,15.636105188344,"2 dollars","good"
"669","business_669",35,1,2,0.0286,2,57.1428571428571,"2 dollars","great"
"670","business_670",99,2,2,0.0202,4,40.4040404040404,"2 dollars","great"
"671","business_671",2622,29,2,0.0111,58,22.1205186880244,"2 dollars","great"
"672","business_672",3856,37,2,0.0096,74,19.1908713692946,"2 dollars","good"
"673","business_673",3098,10,2,0.0032,20,6.45577792123951,"2 dollars","neutral"
"674","business_674",1305,9,2,0.0069,18,13.7931034482759,"2 dollars","good"
"675","business_675",4841,39,2,0.0081,78,16.1123734765544,"2 dollars","good"
"676","business_676",1950,12,2,0.0062,24,12.3076923076923,"2 dollars","good"
"677","business_677",6431,69,2,0.0107,138,21.458560099518,"2 dollars","great"
"678","business_678",3497,43,2,0.0123,86,24.5925078638833,"2 dollars","great"
"679","business_679",4895,58,2,0.0118,116,23.6976506639428,"2 dollars","great"
"680","business_680",2973,21,2,0.0071,42,14.1271442986882,"2 dollars","good"
"681","business_681",1212,6,2,0.005,12,9.9009900990099,"2 dollars","neutral"
"682","business_682",242,6,2,0.0248,12,49.5867768595041,"2 dollars","great"
"683","business_683",880,7,2,0.008,14,15.9090909090909,"2 dollars","good"
"684","business_684",336,6,2,0.0179,12,35.7142857142857,"2 dollars","great"
"685","business_685",97,1,2,0.0103,2,20.6185567010309,"2 dollars","great"
"686","business_686",861,7,2,0.0081,14,16.260162601626,"2 dollars","good"
"687","business_687",1464,7,2,0.0048,14,9.56284153005464,"2 dollars","neutral"
"688","business_688",81,1,2,0.0123,2,24.6913580246914,"2 dollars","great"
"689","business_689",78,1,2,0.0128,2,25.6410256410256,"2 dollars","great"
"690","business_690",455,6,2,0.0132,12,26.3736263736264,"2 dollars","great"
"691","business_691",41,1,2,0.0244,2,48.780487804878,"2 dollars","great"
"692","business_692",111,1,2,0.009,2,18.018018018018,"2 dollars","good"
"693","business_693",61,2,2,0.0328,4,65.5737704918033,"2 dollars","great"
"694","business_694",101,0,2,0,0,0,"2 dollars","bad"
"695","business_695",150,0,2,0,0,0,"2 dollars","bad"
"696","business_696",823,2,2,0.0024,4,4.86026731470231,"2 dollars","neutral"
"697","business_697",41,0,2,0,0,0,"2 dollars","bad"
"698","business_698",319,4,2,0.0125,8,25.0783699059561,"2 dollars","great"
"699","business_699",29,1,2,0.0345,2,68.9655172413793,"2 dollars","great"
"700","business_700",30,0,2,0,0,0,"2 dollars","bad"
"701","business_701",1320,6,2,0.0045,12,9.09090909090909,"2 dollars","neutral"
"702","business_702",253,4,2,0.0158,8,31.6205533596838,"2 dollars","great"
"703","business_703",287,3,2,0.0105,6,20.9059233449477,"2 dollars","great"
"704","business_704",330,2,2,0.0061,4,12.1212121212121,"2 dollars","good"
"705","business_705",42,0,2,0,0,0,"2 dollars","bad"
"706","business_706",263,5,2,0.019,10,38.0228136882129,"2 dollars","great"
"707","business_707",887,4,2,0.0045,8,9.01916572717024,"2 dollars","neutral"
"708","business_708",51,0,2,0,0,0,"2 dollars","bad"
"709","business_709",52,0,2,0,0,0,"2 dollars","bad"
"710","business_710",71,0,2,0,0,0,"2 dollars","bad"
"711","business_711",103,1,2,0.0097,2,19.4174757281553,"2 dollars","good"
"712","business_712",1195,6,2,0.005,12,10.0418410041841,"2 dollars","neutral"
"713","business_713",394,4,2,0.0102,8,20.3045685279188,"2 dollars","great"
"714","business_714",1455,6,2,0.0041,12,8.24742268041237,"2 dollars","neutral"
"715","business_715",999,6,2,0.006,12,12.012012012012,"2 dollars","good"
"716","business_716",203,2,2,0.0099,4,19.7044334975369,"2 dollars","good"
"717","business_717",436,4,2,0.0092,8,18.348623853211,"2 dollars","good"
"718","business_718",330,2,2,0.0061,4,12.1212121212121,"2 dollars","good"
"719","business_719",407,3,2,0.0074,6,14.7420147420147,"2 dollars","good"
"720","business_720",394,2,2,0.0051,4,10.1522842639594,"2 dollars","good"
"721","business_721",209,3,2,0.0144,6,28.7081339712919,"2 dollars","great"
"722","business_722",328,6,2,0.0183,12,36.5853658536585,"2 dollars","great"
"723","business_723",770,6,2,0.0078,12,15.5844155844156,"2 dollars","good"
"724","business_724",662,8,2,0.0121,16,24.1691842900302,"2 dollars","great"
"725","business_725",577,6,2,0.0104,12,20.7972270363951,"2 dollars","great"
"726","business_726",2050,11,2,0.0054,22,10.7317073170732,"2 dollars","good"
"727","business_727",1070,6,2,0.0056,12,11.214953271028,"2 dollars","good"
"728","business_728",1770,11,2,0.0062,22,12.4293785310734,"2 dollars","good"
"729","business_729",60,0,2,0,0,0,"2 dollars","bad"
"730","business_730",341,6,2,0.0176,12,35.1906158357771,"2 dollars","great"
"731","business_731",256,2,2,0.0078,4,15.625,"2 dollars","good"
"732","business_732",243,3,2,0.0123,6,24.6913580246914,"2 dollars","great"
"733","business_733",312,5,2,0.016,10,32.0512820512821,"2 dollars","great"
"734","business_734",202,3,2,0.0149,6,29.7029702970297,"2 dollars","great"
"735","business_735",252,4,2,0.0159,8,31.7460317460317,"2 dollars","great"
"736","business_736",289,2,2,0.0069,4,13.840830449827,"2 dollars","good"
"737","business_737",410,6,2,0.0146,12,29.2682926829268,"2 dollars","great"
"738","business_738",143,1,2,0.007,2,13.986013986014,"2 dollars","good"
"739","business_739",75,0,2,0,0,0,"2 dollars","bad"
"740","business_740",82,0,2,0,0,0,"2 dollars","bad"
"741","business_741",76,0,2,0,0,0,"2 dollars","bad"
"742","business_742",71,0,2,0,0,0,"2 dollars","bad"
"743","business_743",63,1,2,0.0159,2,31.7460317460317,"2 dollars","great"
"744","business_744",66,0,2,0,0,0,"2 dollars","bad"
"745","business_745",75,1,2,0.0133,2,26.6666666666667,"2 dollars","great"
"746","business_746",430,3,2,0.007,6,13.953488372093,"2 dollars","good"
"747","business_747",407,4,2,0.0098,8,19.6560196560197,"2 dollars","good"
"748","business_748",1029,7,2,0.0068,14,13.6054421768707,"2 dollars","good"
"749","business_749",23,1,2,0.0435,2,86.9565217391304,"2 dollars","great"
"750","business_750",46,1,2,0.0217,2,43.4782608695652,"2 dollars","great"
"751","business_751",330,0,2,0,0,0,"2 dollars","bad"
"752","business_752",97,1,2,0.0103,2,20.6185567010309,"2 dollars","great"
"753","business_753",196,1,2,0.0051,2,10.2040816326531,"2 dollars","good"
"754","business_754",124,4,2,0.0323,8,64.5161290322581,"2 dollars","great"
"755","business_755",104,1,2,0.0096,2,19.2307692307692,"2 dollars","good"
"756","business_756",494,2,2,0.004,4,8.09716599190283,"2 dollars","neutral"
"757","business_757",455,2,2,0.0044,4,8.79120879120879,"2 dollars","neutral"
"758","business_758",78,1,2,0.0128,2,25.6410256410256,"2 dollars","great"
"759","business_759",168,2,2,0.0119,4,23.8095238095238,"2 dollars","great"
"760","business_760",101,2,2,0.0198,4,39.6039603960396,"2 dollars","great"
"761","business_761",467,6,2,0.0128,12,25.6959314775161,"2 dollars","great"
"762","business_762",742,3,2,0.004,6,8.08625336927224,"2 dollars","neutral"
"763","business_763",170,4,2,0.0235,8,47.0588235294118,"2 dollars","great"
"764","business_764",155,3,2,0.0194,6,38.7096774193548,"2 dollars","great"
"765","business_765",717,5,2,0.007,10,13.9470013947001,"2 dollars","good"
"766","business_766",150,1,2,0.0067,2,13.3333333333333,"2 dollars","good"
"767","business_767",194,4,2,0.0206,8,41.2371134020619,"2 dollars","great"
"768","business_768",183,1,2,0.0055,2,10.9289617486339,"2 dollars","good"
"769","business_769",199,2,2,0.0101,4,20.1005025125628,"2 dollars","great"
"770","business_770",593,6,2,0.0101,12,20.2360876897133,"2 dollars","great"
"771","business_771",256,1,2,0.0039,2,7.8125,"2 dollars","neutral"
"772","business_772",1968,11,2,0.0056,22,11.1788617886179,"2 dollars","good"
"773","business_773",53,1,2,0.0189,2,37.7358490566038,"2 dollars","great"
"774","business_774",222,1,2,0.0045,2,9.00900900900901,"2 dollars","neutral"
"775","business_775",1951,6,2,0.0031,12,6.1506919528447,"2 dollars","neutral"
"776","business_776",451,6,2,0.0133,12,26.6075388026608,"2 dollars","great"
"777","business_777",1151,6,2,0.0052,12,10.4257167680278,"2 dollars","good"
"778","business_778",59,2,2,0.0339,4,67.7966101694915,"2 dollars","great"
"779","business_779",292,2,2,0.0068,4,13.6986301369863,"2 dollars","good"
"780","business_780",166,3,2,0.0181,6,36.144578313253,"2 dollars","great"
"781","business_781",83,1,2,0.012,2,24.0963855421687,"2 dollars","great"
"782","business_782",12,0,2,0,0,0,"2 dollars","bad"
"783","business_783",735,4,2,0.0054,8,10.8843537414966,"2 dollars","good"
"784","business_784",1094,6,2,0.0055,12,10.9689213893967,"2 dollars","good"
"785","business_785",115,1,2,0.0087,2,17.3913043478261,"2 dollars","good"
"786","business_786",277,0,2,0,0,0,"2 dollars","bad"
"787","business_787",167,2,2,0.012,4,23.9520958083832,"2 dollars","great"
"788","business_788",60,1,2,0.0167,2,33.3333333333333,"2 dollars","great"
"789","business_789",163,2,2,0.0123,4,24.5398773006135,"2 dollars","great"
"790","business_790",1429,6,2,0.0042,12,8.39748075577327,"2 dollars","neutral"
"791","business_791",116,1,2,0.0086,2,17.2413793103448,"2 dollars","good"
"792","business_792",1321,6,2,0.0045,12,9.08402725208176,"2 dollars","neutral"
"793","business_793",834,6,2,0.0072,12,14.3884892086331,"2 dollars","good"
"794","business_794",339,0,2,0,0,0,"2 dollars","bad"
"795","business_795",3135,9,2,0.0029,18,5.74162679425837,"2 dollars","neutral"
"796","business_796",172,1,2,0.0058,2,11.6279069767442,"2 dollars","good"
"797","business_797",1180,6,2,0.0051,12,10.1694915254237,"2 dollars","good"
"798","business_798",888,6,2,0.0068,12,13.5135135135135,"2 dollars","good"
"799","business_799",787,5,2,0.0064,10,12.7064803049555,"2 dollars","good"
"800","business_800",25,1,2,0.04,2,80,"2 dollars","great"
"801","business_801",951,6,2,0.0063,12,12.6182965299685,"2 dollars","good"
"802","business_802",565,6,2,0.0106,12,21.2389380530973,"2 dollars","great"
"803","business_803",124,1,2,0.0081,2,16.1290322580645,"2 dollars","good"
"804","business_804",887,6,2,0.0068,12,13.5287485907554,"2 dollars","good"
"805","business_805",233,2,2,0.0086,4,17.1673819742489,"2 dollars","good"
"806","business_806",149,3,2,0.0201,6,40.2684563758389,"2 dollars","great"
"807","business_807",1118,6,2,0.0054,12,10.7334525939177,"2 dollars","good"
"808","business_808",3,0,2,0,0,0,"2 dollars","bad"
"809","business_809",118,1,2,0.0085,2,16.9491525423729,"2 dollars","good"
"810","business_810",129,1,2,0.0078,2,15.5038759689922,"2 dollars","good"
"811","business_811",96,2,2,0.0208,4,41.6666666666667,"2 dollars","great"
"812","business_812",21,0,2,0,0,0,"2 dollars","bad"
"813","business_813",314,4,2,0.0127,8,25.4777070063694,"2 dollars","great"
"814","business_814",1028,6,2,0.0058,12,11.6731517509728,"2 dollars","good"
"815","business_815",29,0,2,0,0,0,"2 dollars","bad"
"816","business_816",180,1,2,0.0056,2,11.1111111111111,"2 dollars","good"
"817","business_817",47,2,2,0.0426,4,85.1063829787234,"2 dollars","great"
"818","business_818",20,1,2,0.05,2,100,"2 dollars","great"
"819","business_819",9,0,2,0,0,0,"2 dollars","bad"
"820","business_820",496,6,2,0.0121,12,24.1935483870968,"2 dollars","great"
"821","business_821",110,3,2,0.0273,6,54.5454545454545,"2 dollars","great"
"822","business_822",1150,18,2,0.0157,36,31.304347826087,"2 dollars","great"
"823","business_823",287,0,2,0,0,0,"2 dollars","bad"
"824","business_824",1362,13,2,0.0095,26,19.0895741556535,"2 dollars","good"
"825","business_825",256,1,2,0.0039,2,7.8125,"2 dollars","neutral"
"826","business_826",1131,6,2,0.0053,12,10.6100795755968,"2 dollars","good"
"827","business_827",271,6,2,0.0221,12,44.280442804428,"2 dollars","great"
"828","business_828",612,11,2,0.018,22,35.9477124183007,"2 dollars","great"
"829","business_829",82,6,2,0.0732,12,146.341463414634,"2 dollars","great"
"830","business_830",298,3,2,0.0101,6,20.1342281879195,"2 dollars","great"
"831","business_831",866,11,2,0.0127,22,25.4041570438799,"2 dollars","great"
"832","business_832",54,2,2,0.037,4,74.0740740740741,"2 dollars","great"
"833","business_833",520,3,2,0.0058,6,11.5384615384615,"2 dollars","good"
"834","business_834",512,2,2,0.0039,4,7.8125,"2 dollars","neutral"
"835","business_835",640,4,2,0.0063,8,12.5,"2 dollars","good"
"836","business_836",168,2,2,0.0119,4,23.8095238095238,"2 dollars","great"
"837","business_837",290,7,2,0.0241,14,48.2758620689655,"2 dollars","great"
"838","business_838",240,3,2,0.0125,6,25,"2 dollars","great"
"839","business_839",33,1,2,0.0303,2,60.6060606060606,"2 dollars","great"
"840","business_840",2555,21,2,0.0082,42,16.4383561643836,"2 dollars","good"
"841","business_841",502,4,2,0.008,8,15.9362549800797,"2 dollars","good"
"842","business_842",224,2,2,0.0089,4,17.8571428571429,"2 dollars","good"
"843","business_843",583,6,2,0.0103,12,20.5831903945111,"2 dollars","great"
"844","business_844",168,1,2,0.006,2,11.9047619047619,"2 dollars","good"
"845","business_845",1211,6,2,0.005,12,9.90916597853014,"2 dollars","neutral"
"846","business_846",250,4,2,0.016,8,32,"2 dollars","great"
"847","business_847",25,0,2,0,0,0,"2 dollars","bad"
"848","business_848",181,3,2,0.0166,6,33.1491712707182,"2 dollars","great"
"849","business_849",151,6,2,0.0397,12,79.4701986754967,"2 dollars","great"
"850","business_850",1224,7,2,0.0057,14,11.437908496732,"2 dollars","good"
"851","business_851",92,2,2,0.0217,4,43.4782608695652,"2 dollars","great"
"852","business_852",292,6,2,0.0205,12,41.0958904109589,"2 dollars","great"
"853","business_853",195,0,2,0,0,0,"2 dollars","bad"
"854","business_854",43,3,2,0.0698,6,139.53488372093,"2 dollars","great"
"855","business_855",131,1,2,0.0076,2,15.2671755725191,"2 dollars","good"
"856","business_856",65,0,2,0,0,0,"2 dollars","bad"
"857","business_857",285,3,2,0.0105,6,21.0526315789474,"2 dollars","great"
"858","business_858",633,6,2,0.0095,12,18.957345971564,"2 dollars","good"
"859","business_859",121,0,2,0,0,0,"2 dollars","bad"
"860","business_860",793,6,2,0.0076,12,15.1324085750315,"2 dollars","good"
"861","business_861",196,4,2,0.0204,8,40.8163265306122,"2 dollars","great"
"862","business_862",458,6,2,0.0131,12,26.2008733624454,"2 dollars","great"
"863","business_863",152,1,2,0.0066,2,13.1578947368421,"2 dollars","good"
"864","business_864",178,1,2,0.0056,2,11.2359550561798,"2 dollars","good"
"865","business_865",742,6,2,0.0081,12,16.1725067385445,"2 dollars","good"
"866","business_866",148,3,2,0.0203,6,40.5405405405405,"2 dollars","great"
"867","business_867",98,5,2,0.051,10,102.040816326531,"2 dollars","great"
"868","business_868",368,6,2,0.0163,12,32.6086956521739,"2 dollars","great"
"869","business_869",505,4,2,0.0079,8,15.8415841584158,"2 dollars","good"
"870","business_870",926,7,2,0.0076,14,15.1187904967603,"2 dollars","good"
"871","business_871",857,6,2,0.007,12,14.002333722287,"2 dollars","good"
"872","business_872",725,6,2,0.0083,12,16.551724137931,"2 dollars","good"
"873","business_873",768,6,2,0.0078,12,15.625,"2 dollars","good"
"874","business_874",430,6,2,0.014,12,27.906976744186,"2 dollars","great"
"875","business_875",687,5,2,0.0073,10,14.5560407569141,"2 dollars","good"
"876","business_876",1450,7,2,0.0048,14,9.6551724137931,"2 dollars","neutral"
"877","business_877",2171,11,2,0.0051,22,10.1335789958544,"2 dollars","good"
"878","business_878",5,0,2,0,0,0,"2 dollars","bad"
"879","business_879",201,5,2,0.0249,10,49.7512437810945,"2 dollars","great"
"880","business_880",1406,7,2,0.005,14,9.95732574679943,"2 dollars","neutral"
"881","business_881",790,6,2,0.0076,12,15.1898734177215,"2 dollars","good"
"882","business_882",196,4,2,0.0204,8,40.8163265306122,"2 dollars","great"
"883","business_883",552,6,2,0.0109,12,21.7391304347826,"2 dollars","great"
"884","business_884",728,6,2,0.0082,12,16.4835164835165,"2 dollars","good"
"885","business_885",560,8,2,0.0143,16,28.5714285714286,"2 dollars","great"
"886","business_886",250,6,2,0.024,12,48,"2 dollars","great"
"887","business_887",838,3,2,0.0036,6,7.15990453460621,"2 dollars","neutral"
"888","business_888",28,0,2,0,0,0,"2 dollars","bad"
"889","business_889",36,1,2,0.0278,2,55.5555555555556,"2 dollars","great"
"890","business_890",46,2,2,0.0435,4,86.9565217391304,"2 dollars","great"
"891","business_891",47,1,2,0.0213,2,42.5531914893617,"2 dollars","great"
"892","business_892",982,6,2,0.0061,12,12.2199592668024,"2 dollars","good"
"893","business_893",152,4,2,0.0263,8,52.6315789473684,"2 dollars","great"
"894","business_894",365,5,2,0.0137,10,27.3972602739726,"2 dollars","great"
"895","business_895",422,2,2,0.0047,4,9.47867298578199,"2 dollars","neutral"
"896","business_896",75,1,2,0.0133,2,26.6666666666667,"2 dollars","great"
"897","business_897",252,3,2,0.0119,6,23.8095238095238,"2 dollars","great"
"898","business_898",289,3,2,0.0104,6,20.7612456747405,"2 dollars","great"
"899","business_899",247,2,2,0.0081,4,16.1943319838057,"2 dollars","good"
"900","business_900",194,2,2,0.0103,4,20.6185567010309,"2 dollars","great"
"901","business_901",242,1,2,0.0041,2,8.26446280991736,"2 dollars","neutral"
"902","business_902",115,4,2,0.0348,8,69.5652173913043,"2 dollars","great"
"903","business_903",285,4,2,0.014,8,28.0701754385965,"2 dollars","great"
"904","business_904",143,1,2,0.007,2,13.986013986014,"2 dollars","good"
"905","business_905",19,0,2,0,0,0,"2 dollars","bad"
"906","business_906",19,0,2,0,0,0,"2 dollars","bad"
"907","business_907",28,0,2,0,0,0,"2 dollars","bad"
"908","business_908",35,0,2,0,0,0,"2 dollars","bad"
"909","business_909",28,0,2,0,0,0,"2 dollars","bad"
"910","business_910",71,0,2,0,0,0,"2 dollars","bad"
"911","business_911",104,3,2,0.0288,6,57.6923076923077,"2 dollars","great"
"912","business_912",1436,6,2,0.0042,12,8.35654596100279,"2 dollars","neutral"
"913","business_913",406,2,2,0.0049,4,9.85221674876847,"2 dollars","neutral"
"914","business_914",333,6,2,0.018,12,36.036036036036,"2 dollars","great"
"915","business_915",187,4,2,0.0214,8,42.7807486631016,"2 dollars","great"
"916","business_916",1001,3,2,0.003,6,5.99400599400599,"2 dollars","neutral"
"917","business_917",1324,11,2,0.0083,22,16.6163141993958,"2 dollars","good"
"918","business_918",285,2,2,0.007,4,14.0350877192982,"2 dollars","good"
"919","business_919",182,6,2,0.033,12,65.9340659340659,"2 dollars","great"
"920","business_920",579,6,2,0.0104,12,20.7253886010363,"2 dollars","great"
"921","business_921",544,3,2,0.0055,6,11.0294117647059,"2 dollars","good"
"922","business_922",721,3,2,0.0042,6,8.32177531206657,"2 dollars","neutral"
"923","business_923",878,6,2,0.0068,12,13.6674259681093,"2 dollars","good"
"924","business_924",959,4,2,0.0042,8,8.34202294056309,"2 dollars","neutral"
"925","business_925",1268,5,2,0.0039,10,7.88643533123028,"2 dollars","neutral"
"926","business_926",1248,6,2,0.0048,12,9.61538461538462,"2 dollars","neutral"
"927","business_927",1399,4,2,0.0029,8,5.71837026447462,"2 dollars","neutral"
"928","business_928",614,5,2,0.0081,10,16.2866449511401,"2 dollars","good"
"929","business_929",1354,6,2,0.0044,12,8.86262924667651,"2 dollars","neutral"
"930","business_930",699,2,2,0.0029,4,5.72246065808298,"2 dollars","neutral"
"931","business_931",433,4,2,0.0092,8,18.4757505773672,"2 dollars","good"
"932","business_932",177,6,2,0.0339,12,67.7966101694915,"2 dollars","great"
"933","business_933",258,5,2,0.0194,10,38.7596899224806,"2 dollars","great"
"934","business_934",812,7,2,0.0086,14,17.2413793103448,"2 dollars","good"
"935","business_935",99,1,2,0.0101,2,20.2020202020202,"2 dollars","great"
"936","business_936",405,2,2,0.0049,4,9.87654320987654,"2 dollars","neutral"
"937","business_937",665,7,2,0.0105,14,21.0526315789474,"2 dollars","great"
"938","business_938",153,0,2,0,0,0,"2 dollars","bad"
"939","business_939",496,6,2,0.0121,12,24.1935483870968,"2 dollars","great"
"940","business_940",224,3,2,0.0134,6,26.7857142857143,"2 dollars","great"
"941","business_941",129,3,2,0.0233,6,46.5116279069767,"2 dollars","great"
"942","business_942",194,4,2,0.0206,8,41.2371134020619,"2 dollars","great"
"943","business_943",115,2,2,0.0174,4,34.7826086956522,"2 dollars","great"
"944","business_944",151,2,2,0.0132,4,26.4900662251656,"2 dollars","great"
"945","business_945",156,1,2,0.0064,2,12.8205128205128,"2 dollars","good"
"946","business_946",156,3,2,0.0192,6,38.4615384615385,"2 dollars","great"
"947","business_947",52,1,2,0.0192,2,38.4615384615385,"2 dollars","great"
"948","business_948",107,0,2,0,0,0,"2 dollars","bad"
"949","business_949",17,0,2,0,0,0,"2 dollars","bad"
"950","business_950",478,6,2,0.0126,12,25.1046025104602,"2 dollars","great"
"951","business_951",595,6,2,0.0101,12,20.1680672268908,"2 dollars","great"
"952","business_952",872,6,2,0.0069,12,13.7614678899083,"2 dollars","good"
"953","business_953",413,6,2,0.0145,12,29.0556900726392,"2 dollars","great"
"954","business_954",760,6,2,0.0079,12,15.7894736842105,"2 dollars","good"
"955","business_955",60,2,2,0.0333,4,66.6666666666667,"2 dollars","great"
"956","business_956",571,6,2,0.0105,12,21.015761821366,"2 dollars","great"
"957","business_957",712,6,2,0.0084,12,16.8539325842697,"2 dollars","good"
"958","business_958",706,4,2,0.0057,8,11.3314447592068,"2 dollars","good"
"959","business_959",318,0,2,0,0,0,"2 dollars","bad"
"960","business_960",373,6,2,0.0161,12,32.171581769437,"2 dollars","great"
"961","business_961",315,6,2,0.019,12,38.0952380952381,"2 dollars","great"
"962","business_962",944,8,2,0.0085,16,16.9491525423729,"2 dollars","good"
"963","business_963",1786,6,2,0.0034,12,6.71892497200448,"2 dollars","neutral"
"964","business_964",64,1,2,0.0156,2,31.25,"2 dollars","great"
"965","business_965",593,5,2,0.0084,10,16.8634064080944,"2 dollars","good"
"966","business_966",159,4,2,0.0252,8,50.314465408805,"2 dollars","great"
"967","business_967",1757,12,2,0.0068,24,13.6596471257826,"2 dollars","good"
"968","business_968",73,1,2,0.0137,2,27.3972602739726,"2 dollars","great"
"969","business_969",87,2,2,0.023,4,45.9770114942529,"2 dollars","great"
"970","business_970",397,6,2,0.0151,12,30.2267002518892,"2 dollars","great"
"971","business_971",372,6,2,0.0161,12,32.258064516129,"2 dollars","great"
"972","business_972",187,2,2,0.0107,4,21.3903743315508,"2 dollars","great"
"973","business_973",168,3,2,0.0179,6,35.7142857142857,"2 dollars","great"
"974","business_974",765,6,2,0.0078,12,15.6862745098039,"2 dollars","good"
"975","business_975",228,6,2,0.0263,12,52.6315789473684,"2 dollars","great"
"976","business_976",665,5,2,0.0075,10,15.0375939849624,"2 dollars","good"
"977","business_977",504,7,2,0.0139,14,27.7777777777778,"2 dollars","great"
"978","business_978",140,1,2,0.0071,2,14.2857142857143,"2 dollars","good"
"979","business_979",1285,15,2,0.0117,30,23.3463035019455,"2 dollars","great"
"980","business_980",751,6,2,0.008,12,15.9786950732357,"2 dollars","good"
"981","business_981",510,6,2,0.0118,12,23.5294117647059,"2 dollars","great"
"982","business_982",254,4,2,0.0157,8,31.496062992126,"2 dollars","great"
"983","business_983",287,0,2,0,0,0,"2 dollars","bad"
"984","business_984",164,0,2,0,0,0,"2 dollars","bad"
"985","business_985",1510,11,2,0.0073,22,14.5695364238411,"2 dollars","good"
"986","business_986",34,2,2,0.0588,4,117.647058823529,"2 dollars","great"
"987","business_987",531,7,2,0.0132,14,26.3653483992467,"2 dollars","great"
"988","business_988",149,0,2,0,0,0,"2 dollars","bad"
"989","business_989",595,6,2,0.0101,12,20.1680672268908,"2 dollars","great"
"990","business_990",435,6,2,0.0138,12,27.5862068965517,"2 dollars","great"
"991","business_991",388,6,2,0.0155,12,30.9278350515464,"2 dollars","great"
"992","business_992",3101,5,2,0.0016,10,3.22476620445018,"2 dollars","bad"
"993","business_993",105,2,2,0.019,4,38.0952380952381,"2 dollars","great"
"994","business_994",891,6,2,0.0067,12,13.4680134680135,"2 dollars","good"
"995","business_995",257,1,2,0.0039,2,7.78210116731517,"2 dollars","neutral"
"996","business_996",588,6,2,0.0102,12,20.4081632653061,"2 dollars","great"
"997","business_997",338,6,2,0.0178,12,35.5029585798817,"2 dollars","great"
"998","business_998",999,7,2,0.007,14,14.014014014014,"2 dollars","good"
"999","business_999",57,1,2,0.0175,2,35.0877192982456,"2 dollars","great"
"1000","business_1000",79,1,2,0.0127,2,25.3164556962025,"2 dollars","great"
